【農家の年収】ぶっちゃけいくら！,money,https://www.youtube.com/watch?v=P_PLxHKAtUs,20200505
きゅうり １番肝心な摘心作業 1株100本収穫目標,cucumber,https://www.youtube.com/watch?v=G9YvaQ_4b_0,20190511
カチカチの畑をフカフカにする方法【土作】【籾殻】,howto,https://www.youtube.com/watch?v=dO5i_WwjLnc,20210221
夏野菜の間違った水やりに注意！家庭菜園や農園できゅうり・ナス・ピーマン・トマトなど間違った水やり注意例３選！おすすめ方法や対策をご紹介！,howto,https://www.youtube.com/watch?v=Z44g1DMrgCk&t=6s,20210611
農家さん向けのハンマーナイフモア　HR-402 あぜ草刈り 雑草粉砕 オーレック,machinery,https://www.youtube.com/watch?v=cAtVcjvwXUo,20200815
じゃがいもは〇〇と植えて失敗しらず！！うまく育てる秘訣教えます。【自然農法】,potato,https://www.youtube.com/watch?v=kSBqN3RjNfg,20200829
規制緩和で困惑】ロータリ装着したトラクターの公道走行が可能に。。。えっ？今までも走ってたけど,policy,https://www.youtube.com/watch?v=mfDuz0hV2XE,20200905
ミニトマト　たくさん収穫するための摘葉の方法と育て方のコツ,howto,https://www.youtube.com/watch?v=wmyM4Srpl8I,2020/06/08
【再生野菜】パイナップルを再生栽培で育てる方法と日本で栽培する注意点【リボベジ】,pineapple,https://youtu.be/BotLliebzsU,2020/05/08
牛糞・鶏糞使いません！理由があります【土作り】【牛糞】【鶏糞】【堆肥】,fertilizer,https://www.youtube.com/watch?v=G35BgT53ZvM,2021/03/06
春ジャガイモ植え付け、収穫量アップ4つの方法！家庭菜園や農園でウネ立てから肥料入れ、植え方、種芋から芽出しのコツを徹底解説！【農園ライフ】,howto,https://www.youtube.com/watch?v=MGso9FlfQ6E,2021/02/09
トマトは〇〇と植えて失敗知らず！！うまく育てる秘訣教えます【自然農法】,howto,https://www.youtube.com/watch?v=kJi9gYnX73c,2021/05/02
【救済】183万円使って150万円戻ってくる！経営継続補助金とは,policy,https://www.youtube.com/watch?v=uagt8UmItno,2020/06/24
今日から農Tuberはじめます！,others,https://www.youtube.com/watch?v=LvD1yaDl41c,2019/07/24